Id,Label,timeset,no_tweets,no_mentions
1,nigewillson,,34,379
7,livingsmoments,,1,119
20,johnkoetsier,,17,79
21,venturebeat,,0,236
24,technology,,0,28
30,amazonhelp,,6,266
32,engie_home_uk,,0,264
37,bennettstreet1,,12,36
39,microsoft,,3,1176
43,amazonecho,,1,3815
46,schlage_locks,,3,23
48,mikequindazzi,,29,5318
49,vertoanalytics,,15,303
100,alexa,,0,48
103,connectsense,,18,23
105,socialfave,,2,38
106,amitpaka,,0,38
112,android,,0,74
119,amazon,,0,15310
120,voiceappsllc,,64,2307
130,voicexpinc,,14,32
131,awsreinvent,,0,125
142,georgiagov,,0,18
144,nikofthehill,,9,22
145,prestonso,,20,21
151,google,,1,9023
174,lovemyecho,,83,101
175,alexadevs,,23,1616
177,alexadevnews,,0,24
180,realdonaldtrump,,0,1019
181,senatemajldr,,0,140
182,speakerryan,,0,138
191,designsbysiri,,0,32
205,amazonomy,,722,2415
214,control4,,3,30
217,cnet,,3,604
227,siriouslysusan,,19,5327
228,theswiftfest,,7,590
236,oneconvers,,10,332
250,barclaysaccess,,0,36
254,technygal,,5,15
255,debraruh,,12,121
294,akwyz,,13,125
325,medgizmo,,1,29
341,bretkinsella,,20,70
355,sudhakars,,0,24
361,energenie4u,,0,297
371,orangebankfr,,0,48
374,smarthouseaz,,547,2576
375,haashecuadorfc,,7,16
381,pandoramusic,,0,16
413,apple,,0,4613
414,spotify,,0,128
417,harmankardon,,0,66
431,jeffbezos,,0,377
442,nimble,,0,16
450,elonmusk,,0,90
454,googleindia,,0,31
457,ndtv,,0,19
463,alexabliss_wwe,,0,164
464,shahrizamahmud,,2,28
488,amazonin,,0,400
500,phsurvey2,,2,73
510,w3livenews,,66,66
529,ashishbishtvevo,,0,155
532,techtionary,,5,32
535,bgrindia,,41,39
542,stpiindia,,3,73
564,spotthedealusa,,6,19
572,tesla,,0,41
576,amit,,5,23
599,techgadgetsguru,,0,54
600,zuzudotai,,99,16
616,milenio,,0,35
659,thedrum,,4,83
663,cortana,,0,31
682,thetechlomedia,,1,30
709,hyperrts,,3,20
721,alexaweedbuddy,,565,158
724,sai,,0,39
738,jojobickley,,9,16
745,jameyedwards,,4,42
746,usatoday,,1,108
748,mobihealthnews,,1,17
753,unificationeng,,11,37
764,facebook,,0,59
767,julsimon,,5,87
785,reckel,,552,162
786,business,,0,31
788,pettroq,,0,21
791,kollege,,27,206
824,lesnums,,1,20
827,slashgear,,0,103
829,garmin,,0,28
840,appstore,,0,39
851,informationweek,,1,63
853,thedavedev,,99,206
858,sonos,,0,360
859,amazonmusic,,0,270
861,ringcentral,,4,20
897,excellentweb,,0,19
909,donnayoungdc,,83,56
913,ganjly420,,9,297
914,high_times_mag,,0,297
922,dagk,,0,33
927,tunein,,3,165
932,spreaker,,6,19
939,sengineland,,24,49
943,amazonappdev,,1,24
944,maxamorde,,70,199
954,amazonechoindia,,0,132
961,applesupport,,0,425
974,bespokenio,,25,43
975,goserverless,,4,28
982,engadget,,0,167
1012,evankirstel,,436,4536
1022,avanconia,,5,16
1023,acosta,,0,17
1061,appleinsider,,39,1160
1071,neiraosci,,38,53
1072,sbmeunier,,15,100
1100,netflixlat,,0,16
1115,halo,,0,84
1122,x0rz,,0,169
1134,marshacollier,,1,316
1142,saschawolter,,60,80
1149,ecobee,,0,64
1153,mac_and_i,,0,200
1173,garyvee,,0,294
1194,daviddlow,,107,45
1196,iphonehackx,,0,57
1241,simpletechman,,1,64
1247,whoisvaibhav,,2,20
1251,youtube,,0,847
1255,tamaramccleary,,5,466
1272,kuriharan,,58,145
1284,windows,,0,161
1290,tim_cook,,0,183
1291,cue,,0,16
1303,lorna_sheehan,,0,24
1366,beyondverbal,,29,21
1396,davidmsachs,,13,45
1416,alex_campoy,,18,84
1451,galvanize,,22,47
1459,amazonde,,4,193
1486,buttonpushapps,,72,20
1490,amazonuk,,0,549
1493,locationinsider,,7,20
1495,pymnts,,77,222
1498,salz_er,,27,45
1500,tomhewitson,,7,21
1514,mikedelgado,,14,86
1538,businessinsider,,0,91
1549,milkhoneyedland,,4,689
1552,oprah,,0,18
1562,smarthomerevs,,2,27
1571,adweek,,0,41
1585,sallyfrankie20,,233,76
1586,dorothychelimo2,,6,30
1587,harrie_shosh,,0,31
1588,lyndaoriaso,,0,108
1589,radiomaisha,,93,52
1591,enlihobino,,298,113
1595,drewfirment,,34,44
1596,darianbjohnson,,22,22
1597,theonlyakersh,,73,79
1598,accenture,,0,28
1599,glenncameronjr,,13,47
1604,voicebotai,,8,150
1608,sarbjeetjohal,,13,17
1612,rtm,,0,262
1625,muttonia,,137,104
1638,inc,,0,120
1652,techcrunch,,0,511
1658,stelligent,,20,22
1659,awscloud,,0,313
1669,dashbotio,,9,16
1691,geomarketing,,97,43
1706,u2,,0,16
1711,funnymix,,0,72
1734,applemusic,,0,77
1738,lostcreativity0,,0,49
1739,lostcreativity,,0,49
1810,mersive,,7,36
1815,dellcares,,6,19
1826,cnbc,,0,104
1834,hambysandiego,,21,18
1835,fm949sd,,21,38
1839,tado,,8,20
1843,qz,,0,176
1844,dbaker007,,45,19
1851,rachelbatish,,18,29
1858,sardonella,,48,98
1865,verge,,0,363
1880,angelosantoroit,,81,82
1881,comunemortale,,79,84
1884,gauravchowmean,,8,16
1890,chinitasvip,,9,148
1906,fr3quency_,,11,17
2057,necpc_pc,,0,29
2100,digihealthinfo,,0,20
2103,hubbucket,,133,129
2114,rosenchild,,137,69
2119,fintechrockers,,26,18
2146,mrfettfinger,,11,40
2179,3sidedcube,,11,19
2202,slobodan_,,4,23
2203,gizbot,,35,19
2215,tweethue,,0,58
2220,countluckula,,7,28
2221,jamielliottg,,20,34
2223,deanormond,,69,36
2241,donasarkar,,0,28
2252,taylorswift13,,0,18
2266,illusivesosa,,0,42
2268,asu,,0,304
2281,recode,,0,25
2306,igyaan,,0,51
2330,bedfordstrohm,,10,18
2334,forbes,,0,296
2344,windowscentral,,1,59
2348,nytimes,,0,163
2354,westworldhbo,,0,26
2363,solyarisoftware,,338,58
2383,itunespodcast,,0,122
2391,makersacademy,,9,19
2417,windowsblogita,,1,61
2421,voicefirstfm,,12,94
2425,ruhi_sarikaya,,28,64
2449,bestbuy,,1,243
2450,ankitkala99,,33,33
2458,bmw,,0,30
2461,wsj,,0,101
2469,xbox,,0,36
2471,siriusxm,,0,20
2479,dexlinxlisting,,1,21
2482,tact_ai,,41,27
2501,arrichannel,,17,197
2502,codecademy,,2,52
2504,mashable,,0,136
2523,gsterling,,0,78
2537,lolore_alexa,,23,31
2538,fab90s,,1,16
2560,bruceboyes,,0,50
2565,gilesalderson,,0,42
2566,thedaremovie,,6,42
2567,35mmdop,,0,42
2568,juliankostov,,0,42
2569,jonnydgrant,,0,42
2570,nuboyana,,0,42
2573,larrykim,,0,255
2580,iheartradio,,0,29
2584,supportiveguru,,0,19
2608,mobilepotpurri,,1,85
2620,mostlyboobz,,0,354
2669,yuuho1128,,2,16
2678,iamsrk,,0,105
2752,economictimes,,19,53
2758,mhiesboeck,,31,111
2760,etpanache,,24,46
2763,sandyalz,,0,23
2795,chonachonawill1,,1,30
2804,nest,,2,56
2807,news_zv,,10,31
2836,wired,,2,230
2852,christbookfinds,,0,17
2872,hthapps,,2,33
2886,vidanov,,36,22
2893,ashwinram,,88,47
2905,twitter,,0,53
2947,podbeancom,,2,43
2954,two_apps,,1,16
2963,king69aleandro1,,0,68
2969,jbtubee,,0,44
3039,applenews,,0,16
3044,mkbhd,,0,56
3057,ebay,,0,57
3102,madebygoogle,,9,355
3107,macrumors,,0,29
3119,brianroemmele,,184,1108
3123,cultofmac,,0,18
3150,techreview,,0,88
3158,ultimateears,,0,24
3168,sleekdeals,,9,114
3175,mit,,0,26
3232,jela9ja,,19,49
3258,daboomalik,,0,16
3263,latestdealsuk,,0,25
3265,televisa_prensa,,3,33
3266,lavozmexico,,1,376
3267,carlosvives,,3,62
3284,microsoftajuda,,32,17
3299,rodney_walker,,0,81
3317,bauhuber,,8,22
3354,sdelale,,55,36
3395,itempathy,,141,154
3400,psb_dc,,143,297
3401,fortunemagazine,,0,25
3415,tomfishburne,,0,23
3435,bbc,,0,26
3467,paulcutsinger,,122,118
3493,plex,,2,47
3519,hacksterio,,59,76
3536,androidauth,,0,118
3537,amazonca,,0,63
3553,horizont,,30,40
3577,bsteveker,,0,298
3589,instagram,,0,18
3618,windowslove_de,,0,37
3719,motherboard_de,,0,28
3743,agnessmaureen,,0,41
3757,komm_online,,2,15
3771,retaildive,,1,45
3790,globaliqx,,0,42
3804,yourstoryco,,13,47
3873,crestron,,11,39
3914,amazonfiretv,,0,60
3920,reneritchie,,12,205
3924,fastcompany,,0,85
3929,ring,,0,55
3971,winfuture,,0,20
4007,sz,,0,19
4017,sonossupport,,0,39
4043,techlaurels,,14,16
4090,csforall,,1,16
4111,mdesmaz,,28,75
4139,toystoredeal,,15,17
4152,famitweet,,38,60
4172,radhikapnair5,,9,29
4217,digiwomende,,0,20
4340,mounierco,,1,97
4443,designconsultuk,,0,1622
4445,fionahopeaitken,,3,29
4505,arstechnica,,0,22
4526,techinsider26,,0,108
4562,beebomco,,0,249
4569,satyanadella,,0,73
4622,googlehomeworld,,0,63
4627,mcbeniwal,,3,270
4704,thetileapp,,0,39
4772,steveaustinex2,,56,36
4828,creoir,,1,23
4835,mycroft_ai,,20,58
4891,annanaveed,,12,49
4926,jeffblankenburg,,21,79
4935,vuiagency,,11,24
5006,jenmsft,,0,19
5027,techstars,,0,17
5083,cloudtenaus,,8,19
5087,forbestech,,0,25
5088,logicaldan,,12,19
5090,particle,,10,109
5128,microsofthelps,,0,21
5164,avwatch,,9,294
5225,harishchand314,,90,56
5273,bmetrock,,12,20
5297,ryanvanderwerf,,5,24
5302,mirwaldm,,0,15
5371,anker_jp,,3,71
5410,haruka_striker,,0,21
5428,alleywatch,,2,16
5467,koba206,,8,21
5483,bobstolzberg,,128,91
5495,amazonesp,,0,58
5518,yahoofinance,,0,19
5553,im_coaching,,0,25
5565,thevrara,,2,89
5568,npr,,0,69
5578,netflix,,0,161
5666,mjaspeakers,,321,413
5701,cwillycs,,33,98
5711,modelpress,,3,44
5715,jpkbst,,52,26
5717,ktmosborne,,2,45
5746,xbond49,,10,34
5751,mallys_,,40,66
5770,heriotwattuni,,1,28
5875,bijapan,,0,58
5955,classalexa,,10,71
5975,chao2suke,,1,17
6011,jeopardy,,0,23
6040,thenextweb,,0,67
6081,sarahintampa,,0,63
6097,jmbrandonbb,,2,17
6139,allianz,,2,32
6157,werner,,3,191
6189,tunstallhealth,,7,17
6226,nickburcher,,0,22
6266,divsi_info,,2,42
6268,androidcentral,,6,43
6288,laughtrek,,14,30
6324,shugaboyke1,,0,111
6339,smart_phones4y,,0,410
6360,uber,,0,31
6377,fnjacobs,,7,26
6380,sjgoldstein,,18,28
6430,themachinefraco,,64,19
6449,medium,,0,17
6455,neivallen,,0,22
6515,wholefoods,,0,19
6525,nexmo,,7,30
6538,gottagreatdeal,,0,115
6539,debashis_dutta,,36,20
6545,2morrowknight,,0,41
6556,amazonalexa,,0,94
6725,clubic,,0,30
6737,davidbos13,,17,26
6763,jovotech,,13,34
6822,viewsfromlake,,0,17
6830,aparanjape,,9,25
6831,telegraphnews,,0,19
6846,rt_com,,0,415
6969,brainespresso,,37,24
6992,expresstechie,,0,53
7004,lahdiouiouadie,,14,22
7024,allforbigfire,,103,76
7045,waltque,,45,40
7048,moritzwittmann,,0,21
7063,rajnijjer,,7,23
7069,ford,,0,50
7089,faznet,,2,104
7139,mycare2x,,11,27
7171,jcfrick,,4,17
7214,eguanzalo15,,0,18
7246,home_assistant,,8,17
7299,madurasygordas,,0,756
7329,santos22david,,57,20
7345,mikeschiemer,,8,916
7379,ginaereviews,,0,143
7482,msdev,,0,87
7545,stacieinatlanta,,12,83
7707,imconsultserv,,0,1197
7784,robmccauley,,33,49
7785,mathworks,,0,27
7788,_prashantrao_,,7,16
7828,kharijohnson,,1,59
7857,baz1ga,,2,40
7917,netatmo,,0,29
8100,aainslie,,50,22
8114,jblefevre60,,129,592
8115,jimmarous,,55,595
8116,spirosmargaris,,109,573
8117,ipfconline1,,44,721
8148,rickross,,0,27
8185,marriott,,0,143
8239,timbiriche_35,,0,34
8245,wwe,,0,50
8247,themotleyfool,,0,23
8425,maneeshjuneja,,4,54
8490,frille,,10,26
8528,azure,,0,56
8552,bts_twt,,0,38
8607,amazonfr,,0,214
8647,samsungmobile,,0,27
8675,kartoondudez,,46,36
8733,soyvayavaya,,0,23
8738,elblogdmaricela,,1,30
8743,oficialyuri,,0,16
8750,aguila_vocaloid,,0,40
8768,klousanz,,0,27
8769,s0yunatal_jessi,,1,16
8864,navarro_hector,,0,67
8902,george_edu,,0,19
9083,mobisphere,,53,49
9084,viuzfr,,34,56
9155,kitsounduk,,0,33
9176,worldlineuki,,6,21
9188,memo_kana,,0,17
9208,lego_group,,0,35
9235,aws,,0,45
9236,awsstartups,,3,40
9280,morrisons,,0,27
9299,potus,,0,87
9301,hhsgov,,0,22
9398,rtehrani,,77,336
9399,itexpo,,8,18
9407,sajidmirza,,3,19
9415,thespoontech,,5,41
9430,brianjjackson,,13,23
9458,ibmwatson,,0,111
9474,bjandmigs,,12,22
9481,tipacorp,,5,21
9482,alessiodantino,,3,22
9521,techkle,,7,41
9565,torachitech2,,0,143
9591,gronkh,,0,17
9595,guardian,,0,19
9623,digitaltrends,,31,283
9626,logitech,,0,344
9659,justinaeats,,6,19
9707,femiabodunde,,73,25
9771,phonandroid,,1,96
9889,mims,,0,16
10001,martechexec,,5,29
10048,lethalmilf,,1,30
10049,sapcp,,12,17
10052,h34th3r329,,5,19
10066,musicallyapp,,0,22
10082,ntechyel,,364,202
10121,anchor,,0,19
10146,hondamarlboro,,3,45
10161,galactoise,,20,32
10193,arnaultchatel,,14,38
10194,catherinelardy,,7,24
10212,btmu_official,,0,16
10319,meretebuljo,,6,22
10371,aircanada,,1,36
10422,weathernetwork,,2,17
10432,amerbanker,,0,64
10448,netgem,,0,22
10474,schmmuck,,2,63
10492,namantarcha,,11,4162
10523,pixchix,,1,25
10555,htcsoku,,1,17
10604,tribalscale,,33,23
10627,bmo,,0,16
10690,cascadia,,8,18
10726,taromatsumura,,1,64
10751,jibo,,2,53
10798,noblebyte,,0,28
10810,sweeps4peeps,,0,134
10854,espn,,0,22
10938,enjoydigitall,,22,42
10953,spiegelonline,,0,28
10969,jorge_morell,,1,45
10993,bourseettrading,,76,95
11003,arnonel,,0,33
11018,nipubdit,,64,37
11095,gianluigitweet,,6,18
11109,slideshare,,0,37
11142,manulife,,1,29
11146,okeee0315,,13,40
11163,thurrott,,1,18
11201,alexaconf,,8,19
11242,itunes,,0,16
11317,20minutes,,2,27
11337,rycrist,,2,19
11352,msftresearch,,3,90
11353,steveaustinbsr,,0,21
11355,ggg_by_lia,,1,17
11362,pschiller,,0,21
11374,audible_com,,0,21
11401,adage,,1,80
11436,tonycompton,,9,39
11489,garuzow_carp,,0,20
11523,dzone,,5,64
11567,apfelpage_de,,2,23
11583,alexadevsjp,,13,760
11605,chai_dub,,9,19
11606,lemarquisofandy,,9,18
11623,arikouts,,10,26
11651,fsorel,,7,60
11655,01nettv,,4,21
11689,imore,,7,123
11702,layer8ltd,,0,18
11708,computerworld,,13,113
11711,ikwattro,,16,22
11739,prisonplanet,,1,35
11791,mailonline,,0,46
11817,hothardware,,72,104
11819,csharpcorner,,34,438
11870,jane_ayres12,,4,16
11892,tigerelch,,12,22
11947,newscaster,,2,29
11977,parisberelc,,0,26
11980,mayoclinic,,1,31
11981,drsandhyapruthi,,0,26
12039,mrshredders,,0,17
12045,noriposo,,1,23
12067,noiconsalvini,,0,97
12074,allusirish,,0,46
12123,caelumst,,2,21
12143,oxnkeen,,23,20
12178,katharinasnews,,14,52
12184,charles_gaba,,3,65
12217,imasirooo,,19,145
12227,zoknd,,61,53
12237,mscharlottewwe,,0,27
12260,edsheeran,,0,22
12276,startupsco,,0,624
12282,turnon,,3,58
12304,marktucker,,17,68
12310,pcmag,,0,57
12346,pollaprenadora,,140,1489
12366,zdnet,,2,95
12407,designoutloud,,3,17
12440,indiegogo,,0,18
12474,mike_maas,,17,78
12500,9to5mac,,0,28
12532,merryoscar,,35,23
12574,knowmail,,25,24
12639,coveragerinc,,7,22
12670,secondcityradio,,324,858
12671,mandyeap,,474,200
12677,holisticentre1,,308,49
12678,djdurrant,,317,374
12722,theiotwarehouse,,12,62
12750,eagles,,0,120
12761,rudycluzel,,30,22
12765,handelsblatt,,18,26
12782,techgenyz,,43,159
12810,ghosthostchris,,99,170
12811,smolly127,,196,129
12817,richtopia,,1,52
12826,makeuseof,,2,90
12849,idownloadblog,,1,21
12917,macobserver,,5,19
12992,169labs,,13,27
12996,truereply,,13,85
13003,surface,,0,88
13005,lemondefr,,0,19
13035,andybruce1962,,161,145
13156,sleepydeveloper,,67,86
13172,edithbrou,,0,58
13176,tuckercarlson,,0,20
13346,gizmodo,,0,59
13363,marcociappelli,,6,38
13367,appmakr,,1,18
13377,stuffi_fr,,1,36
13400,bbva,,0,20
13412,wired_jp,,0,210
13454,onewindows_es,,0,42
13486,handigitals,,1,29
13530,productivesys,,4,51
13549,starbucks,,0,26
13621,caro_milanesi,,6,28
13760,rwang0,,28,19
13762,skype,,0,26
13770,arduino,,14,106
13794,nypost,,0,16
13795,samkane1968,,12,119
13846,microsoftes,,2,179
13864,cynthiachovska,,0,34
13878,kimkomando,,0,23
13881,brentleary,,53,78
13894,__ghostwhowalks,,3,27
14003,idiptigupta,,1,31
14021,ctricot,,0,29
14023,tagesschau,,0,83
14033,bbcworld,,0,17
14047,dellcaresjapan,,0,28
14212,neo4j,,2,30
14292,uw,,0,17
14299,durolimia,,12,36
14300,javilayunta,,56,35
14310,dtd_es,,11,43
14338,alfchoice,,4,70
14361,drgiesler,,15,22
14404,stevenpears,,1,38
14472,thehackersnews,,0,67
14475,onlim_com,,2,46
14571,walabotlabs,,6,29
14654,natureincglobal,,1,17
14661,golem,,0,127
14721,zappmm,,2,50
14784,slate,,0,47
14785,theexecutiveva,,89,25
14795,veniloqui,,27,66
14809,richmerrett815,,39,18
14823,millerwilsonmwc,,0,19
14825,bobharrisuk,,39,72
14861,thebihn,,9,17
14892,uslivinglife,,1,63
14913,geekwire,,0,50
14954,ewingo13,,8,21
14992,italia_nel_caos,,0,19
15045,maddasizaq,,9,22
15046,pakistaninpics,,8,82
15047,uzmahussain01,,0,23
15048,invernesstravel,,0,23
15049,cnntravel,,0,23
15050,pandajay,,1,18
15077,muschelschloss,,3,23
15106,kolerikkevin,,5,17
15183,linkedin,,0,22
15184,crunchbase,,4,17
15211,wework,,0,127
15245,osxdaily,,10,19
15258,wireduk,,0,30
15282,brbarrett,,0,24
15303,botmetrichq,,12,51
15311,scrowder,,0,180
15323,cielowigle,,12,49
15372,anthonybissell,,0,36
15433,foxnews,,0,34
15465,fanthatracks,,4,16
15472,iculture,,1,17
15475,nattymacnchee,,0,34
15481,realalexjones,,0,211
15599,cee60396907,,1,16
15628,arkecosystem,,0,67
15730,immbm,,6,83
15786,windowsarea,,1,22
15798,llioangharad,,5,16
15820,time,,0,24
15840,julianassange,,0,22
15859,t3n,,3,49
15897,robot_watch_,,0,16
15918,washingtonpost,,0,35
15919,diediesays,,0,32
15984,slickstweetz,,7,65
16029,theabissell,,0,32
16034,michellebullet1,,0,97
16153,techreview_es,,0,119
16178,notgayjared,,0,42
16179,benshapiro,,0,183
16207,mobilebaicho,,0,16
16270,drlindeman,,3,30
16295,bedfordcj,,8,37
16326,adafruit,,4,31
16529,weshellyar,,6,19
16594,glengilmore,,11,50
16600,quattrodm,,5,22
16606,windowsitalia,,0,56
16630,zacthelinguist,,0,32
16669,cbinsights,,0,117
16683,realjameswoods,,0,37
16707,lantidiplomatic,,1,18
16788,iotchannel,,15,16
16822,johnnosta,,27,60
16835,nigrumfry,,4,23
16894,omgod_becky,,0,33
17000,vdelsaco,,6,29
17126,travelwithxtina,,0,60
17144,oc_wire,,9,40
17145,thearbazkhan,,0,37
17205,bing,,0,60
17231,technottingham,,25,21
17268,realpeterlynch,,0,16
17319,aurelianoferri,,3,121
17324,drm00re,,455,543
17325,boogie_1969,,141,1485
17326,siliconeros,,140,1485
17327,pqcolor,,140,1485
17328,libidorush1,,126,1485
17329,jopower666,,142,1485
17331,drrxm,,231,491
17332,drrzx,,218,428
17353,sebsto,,30,44
17427,tibo_audio,,0,27
17432,noellelacharite,,12,20
17562,googlefr,,0,17
17590,crashdev,,11,20
17604,memodoring,,3,26
17680,help_ch,,0,20
17723,cobusgreylingza,,8,42
17851,olexandrasemen,,3,444
17933,seattletimes,,1,18
18321,concur,,0,26
18354,gp_pulipaka,,1,115
18357,therock,,0,54
18455,intel,,0,16
18476,yarmolukdan,,3,198
18477,siemens,,0,74
18478,siemensusa,,0,74
18510,theellenshow,,0,43
18526,pullstringinc,,5,18
18575,destinythegame,,0,21
18576,bungie,,0,17
18607,amitabhrjha,,3,51
18658,jordanrcrook,,0,117
18706,mvollmer1,,18,49
18712,flashtweet,,5,159
18767,maxime_tricoire,,4,27
18802,smartly_ai,,44,65
18830,what3words,,2,43
18831,dxctechnology,,4,55
18922,thankyougoddess,,0,24
18924,moonshot_io,,16,16
18968,techrepublic,,8,47
19274,incubateind,,8,51
19279,windowsuk,,4,69
19310,lastbabyboomer,,2,112
19458,acloudguru,,2,22
19547,dez_blanchfield,,5,173
19554,jeffbarr,,0,131
19584,amazonpay,,16,45
19629,polycom,,8,70
19675,scottkirsner,,6,20
19734,aviel,,2,25
19739,quartzatwork,,0,17
19826,nickmcquire,,0,17
19837,lnpservices,,1,87
19852,accentureops,,4,16
19891,andi_staub,,14,58
19903,digitaltrendses,,29,85
19978,lesechos,,0,38
20104,jlist,,0,26
20260,swisscognitive,,0,106
20377,journaldunet,,1,21
20401,bbcnews,,0,26
20438,healthranger,,0,77
20462,skift,,0,16
20878,cstorenews_,,8,43
20887,zdnetfr,,0,30
20917,bbctech,,0,17
20968,lars9596,,31,43
21063,julialuc,,0,18
21064,samsung,,0,50
21129,clusterstock,,0,35
21145,telexplainer,,4,17
21171,stopslaughtracc,,0,37
21209,alvinfoo,,51,248
21236,eokalburgi,,15,30
21334,chboursin,,31,90
21533,agenzia_italia,,0,62
21543,jordanpetersonm,,0,33
21565,clarkscondensed,,4,99
21582,frronconi,,3,59
21874,applelianos,,5,82
21894,zenb0b,,2,76
22023,ephilnews,,26,83
22060,patriots,,0,36
22236,protectstar,,0,17
22417,bmi_bund,,0,69
22497,jonnyevans_cw,,0,41
22559,cmswire,,2,19
22578,holgermu,,66,46
22645,ifttt,,2,38
22789,carinanel88,,7,39
22795,digitalnaiv,,16,28
22810,joenglert,,49,63
22856,microsoftde,,23,37
22867,88_nishiii,,0,25
22890,emarketer,,0,26
22901,gigabarb,,5,33
23005,serviceplan,,12,21
23008,constellationr,,40,17
23026,schofe,,0,33
23114,amazonnews,,6,26
23155,harvardbiz,,0,19
23161,toddbergin,,0,21
23236,alexaladyekt,,6,408
23253,coastw,,2,78
23255,ksngtysofficial,,0,23
23297,yoshida_takuro,,0,614
23322,yamaco,,0,195
23745,htcjapan,,2,17
23975,primevideo,,0,18
24019,danieleran,,12,160
24133,rajat_shrimal,,0,49
24233,ragdose,,18,22
24235,bollyhungama,,1,55
24270,fisher85m,,14,43
24285,der_postillon,,0,176
24407,jess_p_williams,,4,25
24486,arandoros,,0,26
24550,threnodyt,,0,16
24597,blognt,,19,84
24653,telesurtv,,4,74
24806,jeffreybuskey,,3,46
24810,googlemaps,,0,312
24835,onvocalinc,,5,38
24862,siri,,0,47
25004,cleverclogsio,,0,19
25045,geberconsulting,,0,36
25083,codetiburon,,0,28
25104,real7delaan,,10,54
25107,john1827joyce,,10,31
25147,u_khabo,,0,181
25186,formeradultstar,,0,121
25207,ahier,,18,132
25250,zoom_us,,0,178
25262,shazam,,0,57
25312,raspberry_pi,,0,35
25315,jamestaylor_com,,0,35
25341,karantacker,,1,37
25347,bankofamerica,,0,29
25452,ft,,0,26
25465,ipadinsightblog,,0,91
25625,tiffani_bova,,1,39
25704,angelsfreak7,,2,27
25776,wwwhatsnew,,0,79
25788,iamcardib,,0,230
25811,drudge_report,,0,61
26064,profgalloway,,0,20
26122,cnn,,0,54
26175,nbcsnl,,0,22
26202,infowars,,1,36
26322,nfl,,0,61
26326,panda_koubou_,,0,25
26367,jeromecolombain,,0,67
26418,techradar,,0,21
26514,youtubeindia,,0,59
26527,mandeeplota,,0,43
26543,kirkdborne,,4,77
26585,cnnmoney,,0,28
26599,lianabell8,,36,36
26619,marsattacks,,0,21
26635,anne_michels,,1,47
26688,twitch,,0,36
26700,tpain,,0,30
26729,msnbc,,4,29
26759,alltechasianews,,7,26
26920,rfnvx,,3,21
26921,mattbeauv,,2,20
26931,3itcom,,31,51
27000,kanesimms,,35,43
27182,garrybushell,,3,45
27184,hisenseglobal,,0,33
27258,mobiloitte,,1,30
27315,drwetter,,2,31
27360,omkar_raii,,2,53
27373,trishtrashers,,0,31
27392,dj45williams,,2,18
27418,adesignmedia,,40,32
27454,frost_sullivan,,3,35
27572,petioteric,,6,30
27578,godsoftheearth,,6,18
27591,officenews,,1,62
27592,outlook,,2,75
27619,office,,2,17
27709,maryjofoley,,0,24
27759,handslabinc,,2,18
27793,letsnurture,,2,54
27842,muppetaphrodite,,10,32
27978,thebruvstv,,11,28
28080,sputnikint,,16,81
28216,yi_benevolence,,8,490
28222,joachimhesse,,2,27
28328,uctodaynews,,17,16
28341,01net,,0,38
28350,raqamitv,,0,49
28401,ciokurator,,6,16
28403,jgamet,,2,19
28415,kingjames,,0,24
28417,ponziomirko,,0,18
28442,jetpack_7,,0,18
28459,insideamazon,,5,25
28466,microsoftbr,,0,26
28473,shapiro50plus,,0,20
28493,nybulletins,,0,33
28547,nba,,0,25
28566,heuteshow,,0,115
28798,jonyiveparody,,0,106
28817,benfoxrubin,,0,21
28818,techmeme,,0,17
28903,repubblica,,0,82
28969,dapfpodcast,,1,94
28982,teerexradio,,63,30
28983,phantomradio60,,2,28
29012,ingrid39678584,,0,19
29045,danish_0786,,0,20
29071,apvoiceovers,,100,97
29153,deeplearn007,,0,18
29163,modelsupplies,,60,38
29228,wiretechgirl,,18,36
29435,zeusfanhouse,,65,66
29461,contemprainn,,24,24
29487,capamaggundem,,0,16
29666,thepihut,,0,16
29733,gabymeza8,,0,56
29748,zdfwiso,,0,17
29826,whisfyldecoast,,30,32
29876,bheater,,0,24
29925,swachhbharatka1,,10,16
30112,alexaskillslist,,165,46
30178,originalfunko,,0,169
30182,s04,,0,23
30220,oflincoln,,5,29
30225,cyrustoulabi,,3,147
30415,karlkatur,,3,39
30432,windowsinsider,,0,61
30468,marktwaechter,,2,47
30495,fingertipsol,,0,26
30768,sidedish_org,,0,56
30873,iquii,,1,22
30895,zddk_,,0,24
30947,kikkastaff,,0,17
30970,azure_france,,4,22
30971,relationcltmag,,0,17
31050,stu007gots,,28,87
31062,therealmikeepps,,3,83
31072,klaus_mueller,,8,29
31073,padeluun,,10,17
31152,meeeeshelmybell,,2,31
31153,30secondstomars,,2,33
31342,nowthisnews,,0,26
31351,jeffkagan,,58,35
31352,rcrwirelessnews,,0,34
31444,laforeignsavage,,0,37
31639,jeffsheehan,,9,16
31663,therealmarvin,,20,45
31921,shawnhymel,,1,17
32079,ashish75_in,,85,16
32143,zeitonline,,1,62
32403,realpaulburling,,47,41
32608,mikericksecker,,7,19
32609,hauntedroadmed,,7,25
32721,dish,,0,215
33186,realtrumplady,,1,27
33547,gushshivitzi,,30,20
33618,aj_alvero,,10,33
33654,dmgerbino,,12,51
33718,etekcity,,0,19
33877,brettking,,13,50
33902,kollegekidd,,0,16
34043,savingsurvivors,,1,60
34044,rhinoorphanage,,0,61
34117,nadia__rafiq,,3,21
34132,monsieursmith_,,10,23
34155,meranduh,,0,68
34297,sikhpark,,2,18
34333,cliveroach_jedi,,0,31
34348,mpbarry_law,,0,43
34350,lgus,,0,24
34596,sahmreviews,,0,27
34603,vaicetech,,292,77
34616,rayvanny,,3,241
34617,nikkwapili,,31,115
34671,saxon6732,,2,22
34693,gariondescale,,16,56
34748,diamondplatnumz,,1,51
35145,bevvoicelabs,,106,25
35347,littechnology_,,0,21
35395,ai212news,,5,16
35493,xiaomi,,0,33
35527,scifi_fan_kat,,4,41
35622,amazonnews_in,,5,23
35723,hack4lifemx,,0,151
35861,brunoborges,,4,28
35909,kicchafc,,1,54
35910,kicchasudeep,,0,54
35986,v_vashishta,,1,19
36057,vuxworld,,29,70
36095,_geoengineering,,1,31
36221,iphonemania_jp,,0,19
36251,movietvtechgeek,,0,7591
36258,hillaryclinton,,0,145
36795,thebeyondersltd,,38,68
36816,news_line_me,,0,20
36903,radiocitizenfm,,3,19
37117,underkg,,0,59
37199,holedofficial,,0,34
37356,abc7news,,26,42
37404,nbcsports,,0,62
37777,clustar_kouki,,0,16
38107,tomwarren,,0,16
38223,lovegreg,,1,19
38226,azurefunctions,,1,121
38277,mrnesi,,10,21
38541,siliconangle,,0,28
38662,designsnake,,0,25
38753,dprohaska,,0,28
38817,tomsguide,,6,21
38867,todayshow,,0,19
39500,weusegadgets,,0,38
39786,nyoshgathu,,0,32
39943,ces,,0,190
40052,atkhairyxxx,,0,18
40313,daniel_rubino,,0,40
40363,rhinehoth,,101,101
40692,googledevs,,0,20
40912,joerogan,,0,18
40959,windowsespana,,3,26
40984,soundhound,,0,16
41177,feelib,,35,38
41241,siecledigital,,0,65
41390,siripornstar,,0,25
41407,tmyerson,,1,64
41408,johnsoncontrols,,0,122
41729,cosedamondo,,17,25
42126,jtimberlake,,0,16
42218,robertofiorefn,,0,44
42469,yicaichina,,2,22
42989,mikefeibus,,5,1133
43031,kohler,,0,198
43288,mvasey,,1,583
43291,dave42_com,,15,27
43460,alearamu,,4,105
43509,koehlerdesigns,,14,17
43513,chanperco,,28,46
43689,vuzix,,0,384
43703,nhsdigital,,0,19
43715,irossbrand,,76,94
43716,rossandnez,,0,16
43859,redstatetalk,,48,5300
44019,davidbrin,,1,52
44163,mattmargolis24,,19,20
44335,getmonument,,0,16
44403,pavitraputul,,0,29
44677,irmaraste,,12,59
44733,brianregancomic,,2,18
44808,fishergatesc,,2,54
44810,sherpa810,,6,44
44889,karlaclijster,,2,63
44928,bethesda,,0,62
44972,coupa,,10,57
45201,livestreamuni,,68,67
45353,argos_online,,0,55
46064,vrfocus,,2,58
46363,katieheigl,,0,61
46495,lvmonorail,,6,40
46498,idevices,,6,16
46512,gregquinlan,,8,24
46513,pythonbytes,,4,18
46514,mkennedy,,0,18
46515,brianokken,,4,18
46571,milai_asatsuki,,0,16
46574,coolmompicks,,0,22
46696,blackflag1989,,0,21
46720,ym78200,,29,40
46793,marvel_euphoria,,263,134
46815,futurism,,0,26
46830,woodtv,,6,19
46854,acer,,0,35
46855,asus,,0,30
46924,thetechnika,,2,135
46925,canary,,0,27
46942,techpp,,1,36
46956,hp,,0,25
46968,nyamwarojohn1,,12,25
46980,stellahfrancis2,,8,55
47035,ieeeorg,,7,19
47121,amazonmex,,0,21
47124,panasonic,,2,24
47152,jencotton,,1,16
47226,tech2eets,,30,59
47433,lenovous,,0,81
47481,taniaglezaz,,0,60
47686,dimitrihommel,,24,58
47909,terrinakamura,,5,18
48149,toyotamotorcorp,,1,17
48165,toyota,,0,256
48168,maverickcooking,,3,23
48207,tibco,,2,38
48373,wswmuc,,41,41
48398,windowsdev,,0,188
48452,carlquintanilla,,0,42
48453,polkaudio,,10,30
48500,lorrainetwohill,,3,26
48651,chris_kardas,,2,35
48678,soganmageshwar,,2,100
48877,saschalobo,,0,20
48955,theverge,,0,34
48966,parzialepaolo,,1,40
49001,capsicumsatira,,2,22
49015,tylerflorence,,16,23
49023,glew,,4,21
49031,innit,,9,32
49187,bhphotovideo,,6,34
49320,jbielsker,,1,27
49768,johnlegend,,2,152
49769,chrissyteigen,,0,2955
49806,cb_rberg,,12,18
49818,vpoltrack,,7,52
49916,nikjmiles,,0,54
50108,seiju_natsumegu,,0,144
50120,ricpuglisi,,17,64
50399,googlenews,,0,16
50404,thewarpfactor,,0,20
50450,mlabouardy,,11,22
50621,wonderoftech,,7,44
50697,womentechmakers,,4,76
50845,schulzzy,,2,24
50886,davemichels,,1,16
50937,legasalvini,,0,622
50938,armandosiri,,0,23
51048,techxplore_com,,1,31
51057,iosappers,,2,18
51097,waracleuk,,32,20
51224,googleresearch,,0,17
51254,nowtheendbegins,,0,25
51410,bootstraplabs,,0,19
51426,fitinfunsharon,,2,28
51699,getstorylinecom,,13,79
51731,httech,,29,36
51732,httweets,,31,53
51947,billydees,,19,19
51949,techledes,,1,22
52091,realjakedevlin,,163,165
52119,ibm,,0,39
52248,karstenwerner,,0,19
52436,meigatrader,,0,16
52440,readthesyllabus,,3,42
52476,presssec,,0,32
52486,aiqawards,,0,16
52659,wolf_officialyt,,18,16
52868,sciam,,0,22
52881,infostretch,,0,17
52888,geaninec,,0,16
53141,aiskills_tools,,34,36
53168,rightwinglawman,,0,16
53262,programarfacilc,,3,37
53267,justinnikolaus,,3,28
53314,tonymmorley,,8,27
53327,programmableweb,,4,26
53343,appleraika,,0,23
53592,gordonramsay,,0,159
53646,sirstevotimothy,,2,51
53746,actionsongoogle,,0,55
53782,_ahonaho_,,2,20
53890,okubonbon13,,0,722
54431,sagegermany,,4,16
54529,hackaday,,2,36
54650,askmarvee,,2,25
55019,balare13,,2,17
55020,goodvibesrt,,1,17
55023,damala_1907,,4,19
55025,furkanaltin1,,0,21
55066,totaberlustig,,1,25
55250,_discernment_,,5,27
55251,b75434425,,0,28
55252,dekdarion,,6,28
55253,mrspatriot3,,0,28
55378,taiwaagency,,32,54
55381,red_baron63,,0,23
55467,boingboing,,1,37
55597,rickeysmiley,,0,28
55882,microstrategy,,11,403
55926,zeitonline_dig,,1,17
55939,witlingo,,8,89
55979,timlangcto,,2,54
55999,fedupwithswamp,,0,94
56250,diane_banks,,0,16
56259,actualitesapple,,4,29
56270,metalpaysme,,0,227
56483,pakaloa,,0,25
56832,docean68,,5,63
56967,helene_wpli,,9,18
56969,netana_80,,0,192
57078,matrix_creator,,10,44
57199,bestbuycanada,,12,26
57245,nyshelterpets,,0,67
57455,fab_rousseau,,0,40
57476,rurumadrid8,,0,23
57732,natasnoctem,,0,26
57774,tomchilton_,,1,26
57794,coolblindtech,,4,48
57860,bright,,10,51
57912,altran,,1,25
57913,cambconsultants,,0,20
58014,ibmcode,,0,24
58051,gaomar,,5,18
58056,realglampirewwe,,1,23
58119,m10980388,,0,31
58124,6abcadamjoseph,,0,27
58156,nicoleisnik,,0,21
58223,timnoonan,,0,30
58309,andruedwards,,3,19
58367,morid1n,,0,26
58377,std_sec1,,0,151
58574,digislice,,0,94
58582,fhoppe,,3,20
58634,superbowl,,0,65
58745,975thefanatic,,3,27
58746,sixers,,0,28
58747,alexsubers,,0,28
58819,the_best_daily,,71,17
58992,nwpinpdx,,1,109
59084,teralytic,,1,32
59121,nhl,,0,19
59160,goldenrobotnews,,5,25
59197,theatlantic,,0,20
59198,ibogost,,0,22
59441,daslegaluk,,19,77
59484,gizmodojapan,,0,298
59577,choosetobfree,,0,184
59600,sexy_hot_699,,1,19
59646,allpromocodes,,1,68
59820,michaelbraund,,51,59
59886,angelabelcamino,,7,19
60007,dadsatticresale,,32,20
60071,grattonboy,,2,52
60124,kickstarter,,0,31
60241,nmichel,,0,41
60475,giolongoo,,0,17
60554,paulocesarcelis,,24,24
60755,kwang_ssiri,,0,23
60861,mjmaddock,,0,29
61046,england,,0,20
61062,nickatloot,,2,21
61263,matteosalvinimi,,0,68
61264,borghi_claudio,,4,31
61290,uwe_film,,14,23
61382,michael_saylor,,1,54
61591,ariachetira,,0,16
61667,rebelwilson,,0,120
61813,jpmorgan,,0,16
61833,radio_20,,34,22
61848,stevewongla,,0,1266
61906,mybizon,,10,34
62088,skytg24,,2,109
62134,writetobrandon,,44,21
62137,berserk984,,0,23
62139,austinmslingers,,0,23
62140,jim_b60,,0,23
62215,chrissyfarr,,0,17
62282,codiefans,,15,16
62478,saracarterdc,,2,256
62479,stevescalise,,0,257
62852,ladyboarder9669,,0,98
62922,jmatrix76,,3,16
63492,mimconnect,,3,33
63575,anthonyhopkins,,0,99
63698,thepplscontent,,0,53
63786,lmcardib,,0,83
63801,technewsworld,,1,19
63847,perezhilton,,3,21
64126,publicsenat,,1,25
64127,f_patriat,,2,26
64350,trappedmagazine,,1,54
64381,ciberado,,5,17
64698,karthrajan,,1,36
64732,revonsystems,,37,18
64908,jgrobicki,,12,18
64912,lesdoggg,,0,51
64913,pretzelvoice,,10,23
65096,espanto2001,,0,16
65097,alexailacad,,0,22
65355,nightrts,,6,21
65415,twandroid,,1,40
65631,talkingalexa,,0,38
65907,advancedhpc,,4,16
66157,mdallavecchia,,13,26
66159,aruntrish,,1,16
66902,ryanmaue,,0,16
67033,daytradingradio,,11,40
67069,shawlalay,,0,23
67081,cmclymer,,2,125
67826,mountaindew,,0,103
67832,donorschoose,,0,20
67876,lightsofearth,,6,18
68626,worldtrendsinfo,,14,25
68897,techeblog,,0,237
69174,ladysineadnora,,2,52
69241,tcotradioht,,5922,27
69386,botsociety,,0,193
69411,coreymkimball,,1,1332
69692,francescatotolo,,25,228
70167,drthomaspaul,,16,32
70335,manuparadas,,0,118
70543,tecninoticias,,5,21
70982,marketingland,,17,27
70994,elerianm,,2,23
70995,fairmonthotels,,0,24
71091,nbcolympics,,3,101
71185,mike_holoway,,72,69
71401,silaw_sang,,63,41
71446,phhsl,,0,57
71610,jjmccartneylive,,0,228
71794,cherilyneagar,,0,52
71795,phyllisschlafly,,0,52
71796,alexnewman_jou,,16,22
71797,newamericanmag,,0,22
72039,catherineadenle,,1,25
72071,alisovino,,0,19
72089,dri69,,4,17
72141,pirata_21,,0,23
72153,irishappsorg,,0,29
72207,rogerhalsted,,0,31
72287,mgroves,,9,58
72342,theclbryantshow,,21,100
72554,applesliceau,,3,24
72703,pvermeul_peter,,0,22
72722,hint_to,,0,94
72732,ivrpowers,,15,19
72769,cpietsch93,,2,62
72810,iketan86,,0,63
72831,conversionpt,,1,149
72841,aws_uki,,0,27
72890,alexavault,,2,187
72959,securithings,,6,16
73013,katiea_sq,,0,112
73264,lakawula,,0,21
73378,chapterchatnz,,2,28
73423,ebox_support,,11,23
73434,artretail,,97,98
73609,flgovscott,,0,21
73655,geotraq,,5,20
73729,jedespo,,21,20
73757,cedricalexander,,0,50
73758,theblackpanther,,0,50
73873,jimmykimmellive,,6,28
74000,excelsior,,0,22
74127,cassidoo,,17,18
74139,nuwireless,,1,55
74227,yg_blackpink,,3,228
74689,flashcoins,,0,32
74756,maybachmusic,,2,24
75014,toshimin8,,5,83
75068,granvilledsc,,0,53
75128,freeliveyoung2,,0,39
75500,arnaud_delacost,,11,20
75508,ai__tech,,4,31
75520,laltrodiego,,1,26
75583,dinnertablemba,,0,57
75726,hackerearth,,10,23
75766,pubnub,,5,99
75874,hackerspacetech,,0,16
76044,jbnunn,,10,17
76192,lennar,,0,29
76254,sparkfun,,2,210
76313,sabina1956,,15,22
76667,livejasmin,,0,55
76684,techacutecom,,1,17
76901,ocbcbank,,0,63
77000,matloobtahir,,0,33
77058,wcakin,,1,16
77147,atekassetscan,,0,114
77157,manjeetrege,,0,124
77158,vertiai,,0,127
77369,jeffbenton78,,141,69
77373,clemson_tigers,,1,26
77453,mcafee,,0,16
77557,aawrc6ilpigsyej,,0,124
77651,valeriaescort1,,0,26
77676,rainews,,0,25
77715,dodnedder,,7,19
77750,atbandre,,0,42
77757,charlesschwab,,0,20
77799,gianandreagaian,,3,70
77808,mhealthintel,,0,23
77985,accentureitalia,,5,27
78008,amazonnewseu,,3,39
78184,yext,,0,50
78194,evocarshare,,2,18
78342,halocodex,,3,16
78692,beyondtrust,,2,127
78732,graph_aware,,6,17
78796,cyberbgone,,0,19
78838,pawgwithablog,,12,645
78962,sassoftware,,0,16
79026,fintechsin,,0,62
79129,xdannyboy92,,12,57
79168,radiofrance,,0,23
79186,topcybernews,,4,21
79210,worldipreview,,2,20
79299,sitecore,,7,37
79345,emailonacid,,2,27
79347,digitalvipul,,39,21
79385,david__allen,,0,18
79623,bauermedia,,3,19
79686,startup_italia,,4,17
79706,xcentium,,6,22
80132,myking_303,,1,87
80146,mrak1971,,2,125
80238,nickyt3232,,1,41
80486,zono_0,,116,16
80591,1745movie,,0,30
80882,globalmunchkins,,3,26
80900,siafurlersource,,4,47
80901,sia,,1,756
80965,fadouce,,11,42
82286,kdtrey5,,0,1071
82606,apple_coding,,2,18
83563,mat,,0,20
84253,tbgstephen,,11,16
84421,vasiliyfomichev,,0,24
84473,twobobspodcast,,1,30
84790,_drudgereport_,,0,47
84835,jimmykimmel,,2,800
84944,mojojojo613,,0,89
84953,hackread,,1,84
84961,gingerpritch,,0,36
84987,cybersecboardrm,,9,47
84992,technative,,5,38
85022,ahs_media,,1,42
85049,intotheniite,,11,38
85075,quorralyne,,6,18
85174,emmylanepotter,,0,20
85182,talgoldfus,,1,31
85290,scottadamsshow,,1,326
85545,neowinfeed,,0,32
85620,mamalilboonks,,0,121
85651,kimdogg,,19,55
85723,allsweaty,,3,16
85926,defcon,,0,144
86209,smartiolife,,6,1289
86210,itmedia_news,,0,19
86211,frank_rieger,,0,55
86225,vwwvwwvwv,,0,17
86344,bot_furby,,4,24
86371,lasdhq,,0,28
86623,nogentechblog,,0,20
87246,le_parisien,,0,22
87620,ashkhann,,0,35
87954,sesameskreets,,1,18
88413,loudspike,,0,19
88702,iamjrrandyourkn,,0,85
89224,arungupta,,1,19
89444,abajournal,,2,16
89869,tomcraigla,,0,17
89886,official_yuya,,0,47
90046,analysisnytimes,,2,31
90048,rookie_425,,1,30
90153,infracloudio,,3,22
90258,corriere,,0,38
90391,medinfode,,3,18
90492,n2wafmu,,0,164
90646,jjhamblett,,0,28
90787,alexajoss1,,1,906
91059,armeenark,,0,27
91065,timesofisrael,,0,16
91167,soyconnor,,0,18
91199,in2theradio,,31,171
91235,linwood_barclay,,0,475
91419,habitat_domotiq,,0,32
92295,primopolls,,0,56
92474,liamonsocial,,0,18
92798,manouk_akopyan,,0,16
93076,righttrack,,2,272
93091,2015blackdog,,2,35
93092,fattoquotidiano,,0,236
93301,wftv,,0,40
93350,microsoftteams,,0,46
93505,magrom,,2,24
93620,kiss_sakuchan,,0,28
93628,lucaminiero,,1,33
93639,cleverhousewife,,2,35
93730,atwork,,5,21
93901,cheer4mandy,,0,21
93909,paulavedisian,,0,16
93910,ruthhill74,,10,16
93911,ron_1943,,10,16
94305,augustintuk,,0,31
94492,agrahyah,,5,47
94530,carribugbee,,1,35
94785,hikariblue,,12,88
94881,jenlisaislifue,,0,98
94935,droit_ia,,11,52
94938,hoopladigital,,0,49
95141,morethanmysle,,6,58
95265,manojmuntashir,,5,29
95266,mithoon11,,0,31
95267,mohit11481,,0,30
95532,caspyapp,,0,20
95772,manjultoons,,0,20
96045,steal61,,5,19
96100,nerdist,,1,18
96210,thefarm_,,16,16
96232,elena_sinel,,35,22
96233,acornaspiration,,33,46
96261,aaa_46_movie,,24,337
96597,kiritani_mirei_,,0,40
96598,makky_panther,,0,40
96599,risakotanigawa,,4,40
96681,lalettrepro,,16,25
96736,ai_speaker_m,,18,19
96783,jjvincent,,0,17
96871,toomanyts,,5,23
97013,payments_source,,0,32
97218,twit_of,,1,20
97219,lunarmodule7,,1,23
97253,nfuszinc,,0,22
97304,techfluence_in,,3,77
97439,semrush,,0,60
97613,dallassocials,,4,29
97614,bestbuybloggers,,0,31
97620,anonscan,,1,58
97678,sway_hi,,3,22
97832,ethansilver73,,0,17
98171,double_density,,1,21
98173,benjaminsmith,,4,16
98263,girlspeaklouder,,33,20
98348,finnbacker,,0,17
98349,avaniko_tech,,3,17
98480,applefb_,,0,93
98493,csirtcv,,0,51
98567,pscuforward,,0,16
98602,threatpost,,3,312
98680,ibharathlodha,,0,38
98844,truly_secure,,0,21
98991,smarthomeaff,,3,34
99103,chip_20030505,,0,18
99115,voicekungfu,,0,18
99200,creature_dan,,0,37
99203,fiserv,,2,21
99282,insumsolutions,,3,16
99378,hollymergogey,,2,28
99400,rcndigital,,18,24
99759,johnbmurray,,9,29
99929,sanjaybafna,,0,44
100160,techmenttech,,1,48
100311,xilvestre,,0,48
100312,mrapplecollect,,6,46
100474,deonnewm,,0,16
100540,assassman69,,7,108
100570,zdfheute,,0,18
100651,arghlabs,,20,36
100694,hayakhalifa22,,0,21
100885,squilibrioxxx,,2,28
100888,edmkingdom,,14,56
101011,guzmannutrition,,1,23
101102,smexaminer,,0,18
101235,stephaniesheh,,0,24
101373,kikkunmk2,,0,155
101587,st_world,,4,26
101705,inthehighest1,,40,27
101858,amazonmusicjp,,0,76
101914,rockband53,,6,29
101984,t_sakam,,17,20
102196,jrharbort,,0,24
102343,google_homer_,,3,84
102430,ai_5tephen,,22,58
102702,emma_wearables,,3,29
103235,amazonshead,,0,17
103534,theflowai,,8,20
103670,voicesummitai,,45,223
103686,howardfineman,,0,237
103762,unifyworldtech,,2,16
103959,ulkerbatuhan,,0,93
104070,mdinescu,,0,18
104392,appian,,0,38
104488,appleunboxed,,0,21
104618,intershop,,0,16
104700,codecentric,,0,16
104742,sarantosmelogia,,0,525
104787,prudential,,1,30
104803,stonetemple,,3,46
104833,ema_research,,11,16
104869,unamcert,,0,16
105090,bvrpresse,,0,26
105184,visiquate,,0,50
105223,rubinherz,,45,47
105343,team_alexa_ann_,,1,57
105369,hubclouds,,4,16
105567,ramcosystems,,2,96
105638,vecto_mobile,,2,22
106072,healthcareldr,,12,77
106073,omronhealthus,,0,45
106166,fdragoni,,3,243
106388,ghitaiacono,,11,419
106457,igend_,,1,321
106557,hubbucketep,,5,17
106610,ripollrafa,,0,36
106750,antonio_bordin,,2,151
106809,amadiodin,,6,27
106811,lalaura68,,4,153
107040,kate_burleigh,,2,18
107110,luisgyg,,0,18
107291,analisidifesa,,3,58
107710,jade_habibah_dz,,45,42
107711,davidzepeda1,,0,111
107758,mitchybgood,,2,19
108118,danilosantini65,,0,77
108170,imariajohnsen,,0,58
108267,poramarsinley,,0,225
108275,manuelbalbi,,0,16
108310,anabrecoworld,,14,36
108311,anabreco,,0,59
108315,team_zepeda,,46,39
108326,tfaude,,0,20
108508,otheragent,,12,43
108509,elviavasc,,6,17
108574,davidicke,,0,151
108686,bvito5s,,0,29
108787,tfasorg,,0,51
108801,hempoilcures,,4,16
108838,brandonsatrom,,11,39
108863,luigidimaio,,0,41
108971,titletoolbox,,2,83
109074,rishibagree,,0,111
109215,benutech,,3,24
109526,appianfr,,0,29
109535,tg24siria,,1,29
109536,true80sradio,,2,29
109640,rebogateway,,1,16
109666,ridmaur,,1,44
109667,adobeio,,2,47
109984,prostitutasmxxx,,0,93
110023,ggreenwald,,2,43
110134,albaniandiplo,,0,65
110293,marmottedroite,,2,19
110509,beinlibertarian,,0,33
110667,gccowgirl,,0,30
110684,byoblu,,0,101
111182,johnhall,,0,76
111193,influenceandco,,12,65
111412,missanalyzed,,1,18
112289,poxxk,,0,40
112290,guiraudind,,0,40
112406,akiko_lawson,,0,1615
112582,barisanasional,,0,29
112699,bitdegree_org,,0,36
112723,virgintrains,,0,43
112754,10decoders,,13,31
112776,digitalprakhar,,1,23
112802,sthstaffswater,,0,32
112858,fia_alerts,,0,103
112862,tunfaisal,,4,295
113084,nogi46douga_,,4,101
113280,bouncy_news,,0,16
113298,estream_studios,,65,39
113456,digitalcourage,,6,65
113703,oneokrock191919,,0,20
113828,pbalakrishnarao,,0,73
113835,liamsorta,,6,57
113935,reviewsofstuff,,1,30
114139,mochan_tk,,4,16
114358,ual,,2,28
114536,ronald_vanloon,,3,87
114652,istoremx,,0,18
114812,nextquotidiano,,0,91
114888,unity3d,,0,16
115018,bitcoinrts,,0,26
115144,pabwaglover,,0,17
115207,biintelligence,,0,373
115291,aa2cc_flag,,5,19
115426,nordea,,0,16
115676,checkmarx,,8,46
115712,campuscodi,,0,54
115962,shirastweet,,0,54
116045,pid_gov,,2,47
116046,pakistannature,,6,59
116056,rachelmetz,,0,24
116096,statista_fr,,0,29
116211,beagleboardorg,,0,16
116588,mattlovell28,,0,23
116589,safeandthecity,,0,23
116590,centiqltd,,4,23
116770,nintendrew_,,0,46
116916,surumegohan,,41,111
117744,houseofedtech,,6,23
117832,master_roomi,,0,29
117848,kalydeoo,,3,31
117939,teasedenyfemdom,,0,16
117940,bratnatalya,,0,16
118110,miranda524,,1,30
118350,rt_deutsch,,0,29
118387,pwc,,0,27
118399,sohosquarepoet,,9,18
118733,synchrony,,0,25
118741,amk2030,,1,24
119052,italiaoggi,,0,50
119067,davidhorne,,1,29
119068,virgin_trainsec,,6,43
119184,frenchweb,,0,31
119387,wsjjapan,,0,121
119550,hrhappyhour,,7,25
119585,southernmomlove,,0,104
119698,onymos,,2,21
119774,developerworks,,0,36
120032,morlium,,0,16
120055,maisymoocow,,1,26
120119,pixiedust0623,,2,30
120152,reach2ratan,,3,44
120238,mellowjamstudio,,0,63
120301,lefrasidiosho,,0,65
120549,rosyandross,,0,275
120637,momfindsout,,0,56
120657,sourabh_somani,,3,29
121143,googleai,,0,28
122043,toronyanpicat,,0,104
122567,alexaskilldevs,,23,55
122733,craigss,,0,53
122788,inferiormen,,0,22
122820,neilcattermull,,0,16
123255,mirko_ross,,1,19
123376,politicalhedge,,3,18
123664,cgtnofficial,,0,268
123765,thenutrigurl,,6,87
123779,alessiamorani,,0,991
123800,unifiedinbox,,9,138
123931,mibrutus,,13,29
123962,thenyevening,,22,37
123972,guffanti_marco,,10,37
124065,carlosantaroni,,17,39
124116,eugeniocardi,,7,115
124188,cjstancombe,,0,15
124390,noctuness,,0,16
124418,italiarecord,,1,50
124629,ertigre2,,5,16
124630,gq_gianni,,7,16
124643,marcnever,,12,32
124753,ogiannino,,2,17
124792,appschopper,,2,19
125123,talktomehack,,1,20
125164,j_kumagai,,26,30
125327,sbourremani,,19,69
125330,searchhealthit,,8,31
125331,hitexchange,,9,83
125740,healthcareitguy,,0,68
125748,klovechef,,5,44
126276,bernardmarr,,0,19
126323,smbc_midosuke,,0,32
126421,nx_b787,,0,38
126427,hago_dora,,0,17
126932,rogerlateshow,,1,17
126952,fasnix,,0,18
126989,abematv,,0,16
127490,onleaks,,0,36
127733,beltwaypundit,,0,18
127877,aceramerica,,2,16
127885,bmw2163heart,,9,363
127927,4kingandcountry,,0,59
127946,mvavaswitch,,0,82
128215,sindivanzyl,,3,35
128216,lynleymysteries,,0,30
128269,marriottintl,,0,27
128496,churchofengland,,0,63
128509,readeradrift,,2,25
128571,ilfoglio_it,,0,93
128793,jdcanog,,0,23
128915,captgeocat,,2,24
128916,kashmirviii,,0,25
128917,jennyvsimile,,3,25
128984,nahbabynah,,1,39
129562,todropadime2,,1,134
129974,annabd20,,0,362
130142,graphium,,3,31
130998,fderfler,,0,41
131446,aaqib_javaed,,1,22
131869,lucianoghelfi,,0,25
131887,labbufala,,0,130
131913,arsenalekappa,,2,22
131924,heliandros,,1,54
131974,agenzia_ansa,,0,56
132245,pfmajorino,,0,32
132336,espressonline,,0,89
132338,kedarsovani,,0,20
132597,darkreading,,1,17
132842,metamorphoses18,,2,19
133398,clarkhoward,,11,50
133489,surviving5kids,,0,63
133501,bestfriends,,0,22
133544,policia,,0,32
134022,goextend,,4,35
134108,notmyself,,9,25
134337,salamidafabio,,0,30
134598,scar_hien,,7,16
134887,karenhuger,,0,24
134947,radiko_jp,,0,21
135106,marionecomix,,0,41
135245,djkrimp,,0,26
135708,giampaologalli,,1,78
135878,thewizeline,,2,22
135921,jasto_avfc,,0,51
135969,voicetechcarl,,12,46
136425,boulanger,,2,34
136438,sowee_officiel,,0,45
136576,kashthefuturist,,9,36
136616,winkconews,,2,23
136725,edfofficiel,,0,28
136863,arcep,,0,16
137116,elvinelol,,2,22
137127,andrew_osu,,4,18
137444,teleloisirs,,0,16
137484,marcotravaglio,,3,37
137503,angelotani,,5,19
137745,siroyoutuber,,0,416
138738,davez_uk,,3,27
139078,alexavery,,0,16
139133,todoquedaenfam,,5,21
139134,_carlosrivera,,0,21
139210,rsta,,1,35
139344,seresileoni,,1,23
139424,lolbookcom,,4,225
139662,adorableandrude,,0,18
139834,rocket_soup,,0,23
139835,pagesjaunes,,2,18
139903,sophosfrance,,1,52
139907,martdatatalent,,0,18
140062,taigatanaka0121,,1,18
140063,gureepu_oekaki,,2,19
140422,susankeira21,,5,24
140525,lotushannon,,24,27
140538,directors_uk,,4,24
140643,mugglenet,,0,16
141152,vvanywhere,,1,23
141392,fifaworldcup,,0,17
141721,eaboaf_,,0,17
141769,unaaldia,,0,28
142177,lokacyjny,,5,35
142215,marini_gian,,6,17
142437,tmomagmile,,3,23
142646,dw_sports,,17,26
142810,fashionsnap,,0,29
143053,wweramsey,,0,24
143372,jurassicworld,,0,185
143589,quicojubilata,,0,20
143627,ugosetti,,17,18
143746,danilotoninelli,,0,24
143968,checkpointsw,,0,19
144228,nonleggerlo,,0,48
144286,catirafaella,,0,25
144296,maxtom49,,1,20
144299,danielecina,,0,19
144320,backinthegood,,3,18
144351,vanabeau,,0,24
144359,anis_epis,,0,16
144361,movarturoan,,0,17
144397,topam79,,0,92
144428,agiam,,3,22
144445,marco_casellato,,0,24
144450,ercivettone1,,0,18
144452,annaleonardi1,,0,69
144496,ilreverendo71,,0,16
144504,filippo_casini,,3,71
144505,hellzapoppin80,,4,152
144590,corrini,,1,36
144697,antigiornalista,,0,24
144703,cicciogia,,0,58
144771,carmendenola,,0,25
144780,siriomerenda,,1,16
144806,goldstein5s,,0,37
144833,mpskino,,12,41
144927,grouchomac,,0,23
145484,edfetmoi,,2,21
145496,fgourdellier,,0,16
145521,mrsolmaya,,18,19
145522,scolvo,,0,45
145580,iliketomakestuf,,1,16
145581,glowforge,,2,17
145814,brad30097,,8,518
146055,roomba,,0,516
146056,awesomelife2016,,15,18
146164,artiqox,,2,39
146291,optus_digital,,0,104
146376,epelboin,,0,59
146661,detroitdookie,,2,30
146852,adambaldwin,,0,44
147054,afnanyq,,0,44
147627,ocasio2018,,0,159
148108,joncampbellnz,,2,33
148613,newsweek_japan,,0,586
149359,ennioflyano,,5,16
149473,massimoscolari,,0,17
149475,ilep,,1,38
149501,bendellavedova,,0,24
149704,schock,,0,21
149739,rinthething,,0,18
149989,fredasteffl,,0,29
150110,cinemablend,,2,28
150111,hotelt,,3,32
150112,sonypictures,,3,34
150471,bbcparliament,,0,17
150478,gavinwilliamson,,0,206
150738,gillesherail,,0,29
150849,whitneychirps,,1,36
150991,the_river_jp,,1,154
151339,bbc4tech,,0,47
151940,harddriveradio,,4,64
152041,stl_blonde,,0,18
152138,meyerphilip,,1,16
152525,bigboobiesworld,,17,85
152526,duljc,,0,87
152527,anati091252,,0,30
152528,nylo_d,,0,87
152529,eye4boobs,,0,87
152530,boobsvip,,0,30
152554,pornoxdia,,19,57
152659,frederikriedel,,0,56
152781,minsu_korea,,0,19
152949,awf_official,,0,45
153067,mollyday15,,0,20
153268,poetreeotic,,12,30
153291,amazonsnags,,0,28
153411,twistysexile,,0,57
153412,myboobseu,,0,57
153413,kaifel30,,0,57
153486,rockontherise,,7,20
153567,scsatcmu,,2,19
154115,thubhyd,,0,17
154292,alleyco,,3,16
154293,knightfdn,,0,17
154294,sinabahram,,4,17
154492,katherineefoley,,0,29
154493,zhoyoyo,,0,28
154498,panda_security,,0,21
154584,embassysprings,,0,53
155091,valeriajannetti,,0,22
155181,paguro_bernardo,,0,16
155194,linus2k,,0,56
155240,ggv84,,0,441
155288,enzocasamento,,0,196
155316,valeriafedeli,,0,26
155345,mormattia,,0,156
155520,borionistef,,0,235
156023,trmppncemkesens,,499,144
156024,aedison,,0,145
156051,htnos,,0,63
156564,shekitup,,0,17
156658,amazonenlucha,,2,66
156659,gmbunionamazon,,1,22
156748,nikhilchawla,,3,18
157364,kimjongunique,,0,106
157462,acheinine,,3,17
157463,aurelienpradie,,0,18
157464,arjpascal,,0,18
157465,ephilippepm,,0,18
157566,coribush,,0,19
157758,sniperdedroite,,0,27
158252,fombat2,,0,69
158623,timesofindia,,1,44
158637,toiindianabroad,,0,39
158900,mikesutcliff,,0,16
159045,skillsoft,,0,16
159183,mesumerjo_arg,,3,17
159184,mimisanz08,,4,18
159185,mesumerjomex,,4,18
159186,alejandrosanz,,0,19
159443,philippedefran3,,1,22
159809,andriacheng,,0,16
159927,tcabarrus,,0,29
160194,msa_kmh,,1,22
160195,agnezmo,,0,23
160406,angelcosta78,,0,16
160573,russoauthor,,0,19
160645,jormataccone,,0,22
