node,degree
alexa,1874
amazon,1259
siri,1252
ai,833
tech,705
echo,680
cortana,672
google,668
apple,615
amazonecho,546
technology,535
voice,523
iot,487
smarthome,449
googlehome,425
amazonalexa,410
news,380
googleassistant,348
iphone,343
heygoogle,302
microsoft,288
echodot,286
music,281
ios,273
voicefirst,272
artificialintelligence,259
technews,257
business,256
assistant,251
android,241
homepod,241
home,231
smart,229
machinelearning,214
video,213
ces2018,203
security,193
gadgets,188
innovation,186
digital,184
app,180
funny,179
privacy,178
vui,178
aws,178
marketing,176
tv,174
mobile,174
speaker,171
skills,170
apps,163
smartspeaker,161
primeday,158
facebook,157
voiceassistant,151
fire,148
virtualassistant,146
chatbots,145
ml,143
seo,143
ces,143
amazonprime,139
ecommerce,138
shopping,134
future,134
nlp,134
windows10,132
firetv,132
devices,131
new,131
streaming,131
windows,130
usa,130
podcast,129
skill,129
cloud,128
free,126
iphonex,125
data,124
retail,124
fintech,123
chatbot,123
automation,122
homeautomation,121
smartspeakers,121
vr,120
superbowl,120
youtube,119
love,118
design,118
robot,117
tablet,117
rt,117
bots,116
wifi,116
deals,116
sonos,115
ipad,114
ar,114
spotify,113
lol,112
kids,112
camera,112
echoshow,111
gadget,111
christmas,110
audio,109
it,109
alexaskills,108
smartphone,106
hd,106
healthcare,104
gear,104
bigdata,104
cybersecurity,104
dot,103
how,103
internet,103
ads,103
digitalassistant,101
ux,101
voicecontrol,101
health,100
sex,99
voiceassistants,99
howto,98
archive,98
summary,97
electronics,96
developers,96
device,96
humor,96
samsung,95
canada,92
computing,92
homekit,91
startup,91
porn,91
review,91
wearables,91
advertising,90
okgoogle,90
control,90
bixby,89
radio,89
media,88
deal,87
robots,87
black,87
ask,86
twitter,86
speakers,86
hardware,86
echospot,86
arri,85
digitalmarketing,85
uk,85
smartphones,83
robotics,83
phone,83
applewatch,83
rankbio,83
software,82
ifttt,82
hot,82
india,81
fun,81
office,81
blog,81
voicesearch,80
assistants,80
socialmedia,80
and,80
remote,80
works,80
entertainment,79
online,79
sales,78
developer,77
win,77
ad,77
games,77
analytics,76
cx,76
virtualassistants,76
trends,75
website,74
travel,74
search,73
deeplearning,73
you,73
applemusic,72
best,71
4k,71
creepy,71
show,70
blockchain,70
gaming,70
itunes,70
comedy,70
lighting,69
nest,69
infosec,69
prime,69
big,69
computer,68
watson,68
ibm,68
digitalassistants,67
bluetooth,67
azure,67
tips,67
wwdc18,67
engadget,66
rank,66
mac,66
weather,65
fail,65
wireless,65
sexy,65
tunein,65
work,64
trump,64
kindle,64
the,64
bot,64
ios12,64
halo,63
ios11,63
mini,63
videos,63
fashion,63
blackfriday,62
enterprise,62
girl,62
instagram,62
family,62
diy,61
internetofthings,61
smarthomes,61
tc,61
money,61
lights,61
giveaway,60
startups,60
in,60
heysiri,60
anal,60
model,60
china,60
insights,60
wtf,59
holiday,59
car,59
netflix,59
conversation,59
banking,59
alexaskill,58
amazonechodot,58
with,58
tesla,58
wwdc,57
can,57
av,57
women,57
food,57
play,57
xxx,57
handsfree,56
display,56
macos,56
bbc,56
cool,56
jokes,56
computers,56
digitaltransformation,56
digitalhealth,55
edtech,55
tablets,55
insurtech,55
dev,55
light,55
follow,55
spying,55
help,54
voicetech,54
api,54
podcasts,53
brands,53
us,53
voicerecognition,53
speech,53
entrepreneur,53
ring,53
brand,52
hackers,52
cars,52
askalexa,52
wednesdaywisdom,52
chat,51
applenews,51
set,51
phones,50
fitness,50
teen,50
london,50
awesome,50
payments,50
amazonprimeday,50
mom,49
sony,49
firestick,49
parenting,49
thermostat,49
content,49
cute,49
have,49
books,49
commercial,49
superbowllii,49
voicexp,48
her,48
geek,48
virtual,48
traffic,48
hack,48
realestate,48
bitcoin,48
research,48
homebot,48
services,48
language,48
children,48
a,47
uber,47
dsntech,47
googlehomemini,47
hard,47
productivity,47
learning,47
smartcity,47
life,47
xbox,47
jeffbezos,47
wwdc2018,47
prescientinfo,47
amazing,46
shazam,46
laptop,46
appstore,46
augmentedreality,46
blonde,46
art,46
integration,46
movies,46
firetvstick,45
reinvent,45
python,45
watch,45
features,45
drones,44
text,44
connectedhome,44
smarttv,44
starwars,44
gamedev,44
accessories,44
xmas,44
workplace,44
hp,44
of,44
firetvcube,44
dl,43
amazons,43
sale,43
echoplus,43
spreaker,43
drone,43
ui,43
ge,43
xboxone,43
fridayfeeling,43
support,43
hospitality,43
itrtg,43
movie,43
beautiful,43
roku,43
guide,43
backlinks,43
discount,43
conference,43
airpods,43
generation,43
toyota,43
reviews,42
sports,42
stick,42
snrtg,42
people,42
jobs,42
ass,42
nodejs,42
cia,42
live,42
hotels,42
raspberrypi,41
gadgetry,41
voiceui,41
education,41
philipshue,41
retweet,41
party,41
house,41
russia,41
ces18,41
now,41
daily,41
smarthouse,41
ranks,41
gets,41
laughing,41
optimize,41
lambda,40
red,40
cryptocurrency,40
web,40
ia,40
germany,40
television,40
boobs,40
laugh,40
pussy,40
command,40
alexaforbusiness,40
twitch,40
superbowl2018,40
pagespeed,40
hackathon,39
androiddev,39
me,39
hue,39
gdpr,39
like,39
disruption,39
product,39
garmin,39
auto,39
monday,39
pc,39
custom,39
lg,39
acer,39
freetraffic,39
smartassistant,38
coding,38
indiedev,38
bigbrother,38
outlook,38
appletv,38
dating,38
market,38
hacking,38
listening,38
babe,38
trending,38
userexperience,38
ps4,38
plug,38
improve,38
anker,38
optimization,38
cardib,38
earning,38
mood,37
japan,37
bose,37
today,37
weekend,37
hilarious,37
pixel2,37
datascience,37
commands,37
australia,37
nfl,37
ecobee,37
xiaomi,37
keynote,37
eagles,37
spot,37
consumers,37
sblii,37
compatible,37
echoconnect,37
buildinglink,37
skyrim,37
echolook,36
connectedcar,36
masterchief,36
ranking,36
intel,36
redhead,36
hotel,36
iphone8,36
accessibility,36
applehomepod,36
lifestyle,36
rap,36
dad,36
thankyou,36
nude,36
led,36
insurance,36
platform,36
smarter,36
football,36
blue,36
science,36
tivo,36
googlepositions,36
insight,36
techtuesday,35
flashbriefing,35
tbt,35
meme,35
appdev,35
futuretech,35
film,35
voicetechnology,35
hub,35
fucked,35
nsa,35
cartoon,35
job,35
friday,35
mother,35
power,35
nowplaying,35
spy,35
experience,35
busty,35
dvr,35
case,35
alexalaugh,35
bestseo,35
googleseo,35
homesecurity,34
invoke,34
talk,34
bezos,34
company,34
tomas,34
thursdaythoughts,34
infographic,34
consumer,34
culture,34
voiceover,34
game,34
first,34
cock,34
laptops,34
tutorial,34
connected,34
aging,34
morning,34
users,34
report,34
friends,34
wemo,34
gift,34
pornstar,34
iheartradio,34
cam,34
vuzix,34
superbowl52,34
buyseo,34
worldcup,34
smartwatch,33
contest,33
makeup,33
nyc,33
bestbuy,33
bigtits,33
email,33
surveillance,33
personalassistant,33
programming,33
information,33
mondaymotivation,33
cio,33
grace,33
skynet,33
artificalintelligence,33
huawei,33
intelligent,33
world,33
amazonmusic,33
learn,33
cinema,33
wearable,33
feedly,33
leadership,33
earnings,33
talkradio,32
dog,32
metoo,32
lesbian,32
gps,32
nova,32
startrek,32
baby,32
firehd,32
unboxing,32
alexabliss,32
super,32
entrepreneurs,32
commerce,32
comics,32
lenovo,32
navigation,32
crypto,32
maga,32
beta,32
listen,32
meeting,32
qualcomm,32
onlineshopping,32
sound,32
googleranking,32
cheapseo,32
goodseo,32
googlelisting,32
voice18,32
update,31
iosdev,31
finance,31
sonosone,31
automotive,31
voiceactivated,31
icymi,31
code,31
algorithms,31
bug,31
cellphones,31
snapchat,31
bing,31
cooking,31
repost,31
pandora,31
parrot,31
hal9000,31
patriots,31
alarm,31
eavesdropping,31
amzn,31
uxdesign,31
notifications,31
build,31
hal,31
social,31
speaking,31
affordableseo,31
organicseo,31
blueprints,31
msbuild,31
healthit,30
fb,30
sirifail,30
rock,30
random,30
happy,30
marriott,30
tits,30
headphones,30
conversations,30
techtrends,30
save,30
song,30
seattle,30
cloudcomputing,30
branding,30
nsfw,30
cameras,30
get,30
messages,30
england,30
superbowlcommercials,30
alexalaughing,30
freeseo,30
mobileseo,30
checkrank,30
halloween,29
wwe,29
marketers,29
cnet,29
smartdevices,29
office365,29
thanks,29
iotsecurity,29
linux,29
homeassistant,29
holidays,29
msftadvocate,29
smartcar,29
muse,29
translation,29
vc,29
hey,29
customer,29
siliconvalley,29
jesuschrist,29
technologynews,29
lasvegas,29
space,29
bigboobs,29
offers,29
lexus,29
soundbar,29
currenttraffic,29
googlepage,29
learnseo,29
googlecheck,29
cube,29
shortcuts,29
pics,28
service,28
techcrunch,28
coffee,28
speak,28
alex,28
serverless,28
development,28
hiphop,28
saturday,28
order,28
jesus,28
dataprivacy,28
customers,28
joke,28
arduino,28
hardcore,28
virtualreality,28
cloudcam,28
tuesdaythoughts,28
bliss,28
fitbit,28
videogames,28
human,28
blowjob,28
westworld,28
recording,28
ibmwatson,28
special,28
gifts,28
cnn,28
change,28
summer,28
asus,28
superbowlads,28
superbowlsunday,28
seocms,28
googlepagerank,28
awssummit,28
competition,27
nlu,27
scary,27
appleinc,27
personal,27
avs,27
august,27
wholefoods,27
iphone7,27
sms,27
healthtech,27
perfect,27
3dprinting,27
alexadevs,27
gb,27
iphones,27
cognitive,27
truth,27
raw,27
player,27
hr,27
sundaymorning,27
contentmarketing,27
filmmaking,27
destiny2,27
hulu,27
meetup,27
trend,27
candy,27
adult,27
glasses,27
voicebot,27
smarthacks,27
expertseo,27
itcd,26
chrome,26
poll,26
va,26
wine,26
soundcloud,26
kitchen,26
haha,26
amazonfire,26
googlenow,26
goodmorning,26
memes,26
beauty,26
santa,26
martech,26
googleplay,26
wework,26
alexafail,26
government,26
5g,26
reading,26
airplay,26
pov,26
netneutrality,26
patent,26
bathroom,26
fbi,26
googlerating,26
googlescore,26
chief,26
futureofwork,25
indian,25
smallbusiness,25
sem,25
stock,25
chicago,25
skype,25
workshop,25
safety,25
hacked,25
tvs,25
allnew,25
furby,25
yoga,25
hiring,25
engineering,25
ghost,25
logitech,25
tgif,25
scifi,25
flyeaglesfly,25
malware,25
fakenews,25
fire7,25
history,25
recognition,25
appliances,25
california,25
vault,25
internetoptimizer,25
rankchecker,25
vulnerability,25
dns,25
voicecommand,24
3d,24
javascript,24
selfie,24
smartlighting,24
deezer,24
ihome,24
stem,24
parents,24
watchos,24
latest,24
gen,24
artificial,24
smartcities,24
general,24
lifx,24
offer,24
birthday,24
smartglasses,24
bmw,24
crm,24
opensource,24
mrx,24
customerservice,24
spanish,24
imac,24
cellphone,24
awsreinvent,24
winner,24
destiny,24
smartassistants,24
smartplug,24
vpa,24
acquisition,24
1080p,24
fcc,24
canary,24
pcs,24
oscars,24
mycroft,24
outlet,24
checktraffic,24
smartlock,23
sleep,23
speechrecognition,23
boston,23
smartthings,23
womenintech,23
podcasting,23
manners,23
banks,23
customerexperience,23
conversationalui,23
private,23
police,23
vacuum,23
useless,23
surface,23
smarthouseaz,23
calendar,23
moz,23
story,23
english,23
hindi,23
carplay,23
macbookpro,23
designthinking,23
comic,23
wow,23
googlemini,23
vegas,23
featured,23
hipaa,23
mhealth,23
iiot,23
communication,23
hugetits,23
conversational,23
selfdrivingcars,23
financial,23
access,23
lego,23
sb52,23
superbowlcommercial,23
keywordranking,23
engineoptimization,23
domainauthority,23
webpage,23
googleduplex,23
mobileapp,22
searchengine,22
np,22
safari,22
popular,22
awslambda,22
gamer,22
homebots,22
fiverr,22
sophia,22
brain,22
kodi,22
cybermonday,22
hometheater,22
garyvee,22
winning,22
amazongiveaway,22
okaygoogle,22
amazondot,22
webcomic,22
bargain,22
singularity,22
websites,22
blogger,22
sm,22
wearabletech,22
lost,22
microsoftteams,22
laughter,22
share,22
airplay2,22
conversationalcommerce,22
googleio,22
googleposition,22
build2018,22
voip,21
smarttech,21
maps,21
god,21
voicedesign,21
ioe,21
conversationalai,21
events,21
periscope,21
woman,21
vo,21
omg,21
roomba,21
demo,21
merrychristmas,21
qanon,21
echobuttons,21
heyalexa,21
nbc,21
agents,21
wellness,21
clock,21
weird,21
commercials,21
spain,21
valentinesday,21
artificialinteligence,21
e3,21
googlerank,21
techgadgets,20
easteregg,20
tap,20
investing,20
applepay,20
portable,20
snl,20
lmao,20
cinematography,20
jibo,20
monitor,20
esp8266,20
4ir,20
hear,20
dance,20
french,20
databreach,20
touchscreen,20
sunday,20
momlife,20
blind,20
lingerie,20
hands,20
sweet,20
sweepstakes,20
activision,20
techtips,20
wednesday,20
yeelight,20
mqtt,20
mwc2018,20
mwc18,20
researchers,20
watchos5,20
signlanguage,20
keyword,20
e32018,20
estimation,20
zwave,19
berlin,19
collaboration,19
alexamini,19
asksiri,19
creative,19
meditation,19
alexaapp,19
ecobee4,19
comment,19
chung,19
webtraffic,19
atlanta,19
macbook,19
siriusxm,19
amazonfiretv,19
humans,19
feminist,19
cpg,19
send,19
applesiri,19
itsecurity,19
fight,19
bank,19
gmail,19
intelligence,19
ceo,19
ki,19
p2p,19
fifaworldcup2018,19
primeday2018,19
seotools,18
ford,18
routines,18
oprah,18
breakingnews,18
websummit,18
a11y,18
cyber,18
mobileapps,18
please,18
harrypotter,18
cambridge,18
technologies,18
npr,18
iosapp,18
africangrey,18
donaldtrump,18
workflow,18
dogs,18
bts,18
tuesday,18
spyware,18
ebay,18
bungie,18
christian,18
alexaprize,18
create,18
oculus,18
snow,18
projector,18
eastereggs,18
chromebook,18
wallstreet,18
superbowllll,18
anthonyhopkins,18
sxsw,18
event,18
summit,18
horror,17
alexarank,17
slashgear,17
interview,17
accent,17
millennials,17
mentalhealth,17
disney,17
alexadev,17
80s,17
highered,17
facetime,17
mixedreality,17
cat,17
wordpress,17
problems,17
humpday,17
lex,17
deepmind,17
autocorrect,17
stitcher,17
petra,17
beer,17
php,17
dataprotection,17
liberal,17
harmony,17
awsreinvent2017,17
bestseller,17
mcafee,17
salesforce,17
aliens,17
todo,17
audible,17
avtweeps,17
voicecommerce,17
founder,17
smartwatches,17
livestream,17
storyline,17
kohler,17
philadelphiaeagles,17
amazonwebservices,17
tags,17
smartliving,17
fortnite,17
italy,17
retreat,17
itscominghome,17
nasa,16
cortona,16
pharmacy,16
pikachu,16
devops,16
pawg,16
firetablet,16
ir,16
smm,16
realtor,16
walmart,16
date,16
moto,16
hometech,16
newtech,16
galaxy,16
voiceactivation,16
amazontap,16
b2b,16
webcomics,16
tricks,16
advert,16
blackfridaydeals,16
essential,16
alexis,16
sjw,16
businesses,16
monetization,16
blacklivesmatter,16
handjob,16
professional,16
economy,16
satire,16
saturdaymorning,16
optoma,16
directv,16
himss18,16
chips,16
autismawareness,15
alexaranking,15
ehealth,15
ucaas,15
firstworldproblems,15
techgadgetsguru,15
ott,15
africa,15
thanksgiving,15
csharp,15
voiceapps,15
biometrics,15
nba,15
writing,15
facts,15
ootd,15
breaking,15
scottish,15
waze,15
justask,15
voiceassistance,15
tvos,15
scotland,15
cosplay,15
google_assistant,15
homepods,15
water,15
prizes,15
askgoogle,15
gordonramsay,15
scientist,15
developing,15
northkorea,15
smartest,15
lennar,15
bethesda,15
interoperability,14
freetools,14
networktools,14
iphone6plus,14
smartplugs,14
streamingmediaplayer,14
nodered,14
whatsapp,14
hvac,14
tunes,14
lduk,14
planning,14
tourism,14
amazonappsummit,14
prize,14
cats,14
asia,14
voiceinterface,14
bible,14
theverge,14
savage,14
winners,14
rude,14
queen,14
translator,14
personalization,14
meetings,14
breakfast,14
retailers,14
wrestling,14
terminator,14
sirikit,14
imacpro,14
arlo,14
belkin,14
alexaecho,14
conspiracy,14
opinion,14
texas,14
solo,14
stocks,14
america,14
livevideo,14
pharma,14
fishing,14
aexa,14
earth,14
threesome,14
inspiration,14
fmcg,14
look,14
googlevoice,14
happynewyear,14
datascientist,14
calls,14
accents,14
lgbt,14
tax,14
sciencefiction,13
polly,13
harmankardon,13
available,13
happybirthday,13
ev,13
mate,13
dish,13
ivr,13
hrtech,13
reinvent2017,13
energy,13
eng,13
ethereum,13
amazonpay,13
proptech,13
tip,13
alien,13
halo5,13
collection,13
voicemarketing,13
france,13
olympics,13
charity,13
johngiannandrea,13
phonegap,13
spygate,13
voiceactor,13
phishing,13
dementia,12
alzheimers,12
alexainternet,12
reminders,12
asr,12
oo,12
storage,12
gamechanger,12
allo,12
leica,12
alexadevdays,12
musicvideos,12
digitalcinema,12
finserv,12
genz,12
hashtag,12
funnyvideos,12
amazondeals,12
throwbackthursday,12
raspberry,12
priceless,12
stevejobs,12
dolphinattack,12
maurizioghiotti,12
fashiontech,12
digitalworkplace,12
tplink,12
genie,12
daretodream,12
2001aspaceodyssey,12
cesblackout,12
dotnet,12
arkit,12
grammys,12
superbowlad,12
superbowlads2018,12
rpa,12
pixelart,12
vaporwave,12
voicepayments,12
internationalwomensday,12
anna,12
seminar,12
io18,12
neuralnetwork,11
siriouslysusan,11
singapore,11
namaste,11
gameofthrones,11
ico,11
newmusic,11
justsaying,11
windowsphone,11
interiordesign,11
humidifier,11
wearsalexa,11
rome,11
techupdates,11
cdo,11
healthyliving,11
heating,11
faceid,11
botframework,11
realtors,11
dynamics365,11
working,11
surfacepro,11
dyk,11
chance,11
teampixel,11
teams,11
webcam,11
eaglesnation,11
present,11
hosting,11
sweeps,11
uniteblue,11
alexjones,11
performance,11
alexafrancesofficial,11
enter,11
wrestlemania,11
breastfeeding,11
eq,11
everything,11
moen,11
stupidquestionsforalexa,11
saturdaynight,11
parody,11
hq2,11
voicecon,11
gordonramsey,11
adulting,11
slavery,11
onairnow,11
comicstrip,11
motiv,11
rosenstein,11
mitb,11
sirishortcuts,11
bestpractices,11
worldcup2018,11
threelions,11
traveltech,10
whatismyip,10
browserinfo,10
ispspeed,10
fantasy,10
leaked,10
ces2017,10
purchase,10
insomnia,10
whoa,10
despacito,10
staging,10
foodie,10
hay,10
jeopardy,10
bills,10
creditcard,10
dadlife,10
win10,10
fetish,10
blessed,10
2ndcityapp,10
coworking,10
israel,10
rickross,10
equality,10
infowars,10
blackmirror,10
parties,10
firesticktv,10
svod,10
alexaskillskit,10
catholic,10
ipod,10
modeling,10
invasionofprivacy,10
releasethememo,10
streamingvideo,10
jpmorgan,10
svs18,10
winterolympics,10
alexavault,10
accelerator,10
oneplus6,10
alexadeveloper,10
oneplus6t,10
liegate,10
be3,10
wesite,9
nocost,9
podernfamily,9
blogpost,9
arrialexa,9
yogionzee,9
windowsinsiders,9
niajax,9
followers,9
yogi,9
colleges,9
drupal,9
voiceshopping,9
handmade,9
weday,9
sensors,9
earrings,9
influencers,9
sap,9
ov,9
bigshaq,9
birthdays,9
storm,9
control4,9
mit,9
emailmarketing,9
bett2018,9
unity,9
zen,9
adt,9
vcommerce,9
glennevis,9
jacobite,9
glencoe,9
glenetive,9
directorscut,9
alexaislaughing,9
payment,9
rp,9
syria,9
tradewar,9
sirisaturdays,9
cakez,9
thicc,9
vesta,9
microsoftbuild,9
eurovision,9
accidentallyfamous,9
skyrimveryspecialedition,9
susancbennett,9
macosmojave,9
useyourvoice,9
usemyvoice,9
cognition,8
tucson,8
ios9,8
homeelectronics,8
rich,8
depression,8
diabetes,8
nhl,8
comparison,8
smartlife,8
allergies,8
fever,8
pollen,8
investorseurope,8
feminism,8
axon,8
motog,8
bangalore,8
producthunt,8
course,8
dual,8
southpark,8
powerbi,8
smallbiz,8
rohitprasad,8
redcinema,8
parrots,8
tuneinradio,8
dr,8
lake,8
applehomekit,8
rewriting,8
attempt,8
notsureif,8
teensofinsta,8
via,8
trendy,8
lssc,8
sandiego,8
goddess,8
newyear2018,8
jazz,8
johnson,8
voicestrategy,8
amjoy,8
iheart,8
googleassist,8
openvoice,8
vtuner,8
omnichannel,8
nia,8
genesis,8
ec18,8
keywords,8
donate,8
chemtrails,8
autismmom,8
igreport,8
trumpkimsummit,8
autism,7
anamorphic,7
km,7
bollywood,7
heatlhy,7
matlab,7
pain,7
primemusic,7
iotforum,7
xplan,7
androidnews,7
starwars40th,7
monitoring,7
naturaltits,7
altleft,7
iss,7
sdlive,7
brexit,7
siemens,7
dnd,7
sexualharassment,7
golang,7
digitaldisruption,7
chilling,7
lastgadget,7
boobsglobalgroup,7
sega,7
officebot,7
disabilities,7
rfid,7
vux,7
makeupartist,7
kimludcom,7
sscollective,7
2018voicechallenge,7
appleunboxed,7
blissful,7
bloodpressure,7
swiftfest,7
msbuild2018,7
scotus,7
immigration,7
reps,7
bluebracelet,7
hashtagbio,7
pm18,7
walkingleader,6
ideacafechat,6
responses,6
kubernetes,6
microsoftlauncher,6
lilpump,6
podbean,6
amazon_echo,6
interiordesigner,6
reporting,6
omgtv,6
lovers,6
happybday,6
serp,6
amazonkindle,6
deebot,6
question,6
mindblown,6
chris,6
ashes,6
shade,6
wakeupamerica,6
csharpcon18,6
moet,6
pay,6
british,6
amazonaffiliate,6
amanda,6
esp32,6
thermometer,6
entertowin,6
thexfiles,6
dorkypickuplines,6
agtech,6
promocode,6
robinhood,6
lalate,6
latingirl,6
ericdavis,6
hopehicks,6
deepmusic,6
warehouse,6
skillblueprints,6
detroitbecomehuman,6
nunes,6
ranked,6
disruptivelive,6
maythe4thbewithyou,6
employeeexperience,6
tunesday,6
remeapp,6
bethesdae3,6
mind,6
mci,6
learningdisabilities,6
patchtuesday,6
voicedaily,6
strzok,6
flashlight,5
siriismyfriend,5
filehistory,5
windows8,5
deco,5
knorox,5
blacktwitter,5
tholukuthiheyy,5
pressplay,5
guccigang,5
conserve,5
travelling,5
fiverrgig,5
3dprinter,5
mugabe,5
deadpool2,5
globalnewsmorning,5
chess,5
lynx,5
siriously,5
tedx,5
tibo,5
blissfits,5
avalon,5
eyes,5
icecold,5
heygoogoo,5
laundry,5
iphone9,5
kenya,5
structureddata,5
steemit,5
bpm,5
musictaughtme,5
visualartsgmu,5
shutdown,5
vagov,5
heycortana,5
cynai,5
smargrid,5
opencontrol,5
doctor,5
ice,5
socialcare,5
80smixtape,5
uav,5
gamergirl,5
croatia,5
universetoday,5
astronomy,5
productive,5
rhop,5
presidenttrump,5
accidentalyfamous,5
microsoft365,5
soundhound,5
tradeshow,5
complicated,5
aogdevs,5
freebiefriday,4
hungry,4
deploy,4
decoracion,4
decoration,4
interior,4
ruby,4
knowledgemanagement,4
colors,4
healthyrecipes,4
native,4
amira,4
azurefunctions,4
neo4j,4
beautifulpakistan,4
kp,4
paye,4
amazonechos,4
7delaan,4
tuneinradioapp,4
mvb,4
hcm,4
followfriday,4
loisa,4
llsangpagkabuhay,4
elisse,4
tgsaminin,4
employeeengagement,4
vectorpodcast,4
backpack,4
funwithalexa,4
precisionag,4
soilhealth,4
blackhistory,4
chromeos,4
whisfc18,4
tpain,4
kodakblack,4
floridaboy,4
sb2018,4
trio,4
textmessages,4
newsbriefs,4
needtoknow,4
cambridgeanalytica,4
smartworld,4
chemtrail,4
moremusicmarathon,4
thewebconf,4
ic,4
whowantstobeamillionaire,4
bsm,4
yogoogle,4
mvava,4
touchswitch,4
strokeawarenessmonth,4
goingforzero,4
biggov,4
klovechef,4
fifa2018,4
scotusnominee,4
americaiswaiting,4
orderextrapopcorn,4
voicesummitai,4
omronpartner,4
historicalfantasy,3
accentreduction,3
losemyaccent,3
vivlabs,3
humanvoice,3
thrivinglaunch,3
appetite,3
grasmere,3
cumbria,3
lakedistrict,3
100daysofcode,3
sleepy,3
stress,3
anxiety,3
bartender,3
bottish,3
clinicaltrials,3
mantras,3
chanting,3
ghandi,3
relaxed,3
interiordesigners,3
roxy,3
build16215,3
orclapex,3
cryptos,3
breez,3
garyvee365,3
mindsphere,3
yugalageethe,3
kicchafc,3
camiq,3
holedofficial,3
magicalmonday,3
lvmonorail,3
flogo,3
entune,3
sirios,3
metalpay,3
procurement,3
couchbase,3
abdsc,3
a8,3
womenshistorymonth,3
makeanapp,3
asseveryday,3
sexyasfuck,3
onair,3
pacemaker,3
daughterlovemother,3
moviemusic,3
joy,3
hoet60secrec,3
voiceassist,3
moneyinthebank,3
patientsatisfaction,3
voycefirst,3
wakeupchallenge,3
letsconference,3
geekwire,3
newheatalert,3
ontheblock,3
maga2018,3
commoncore,3
bestsleepever,2
paranoia,2
strain,2
w10,2
bluescreenofdeath,2
musically,2
internetmarketing,2
oasis,2
ukdevs,2
angerissues,2
potato,2
drinking,2
mayoclinicminute,2
firstaid,2
dakotajohnson,2
cybermondaydeals,2
cortanaskills,2
moethennessyusa,2
talkingfilms,2
fukreyreturns,2
zrock,2
civictech,2
thedare,2
motivationalquotes,2
popuptechtalks,2
netapp,2
flaskask,2
lenovoces,2
echo_dot,2
myname,2
seyong,2
shadowspooks,2
naturalboobs,2
petrescue,2
urgent,2
techontoast,2
roman,2
aj,2
activematrix,2
rescuedogs,2
adoptme,2
mtndewice,2
inspirational,2
sridevi,2
nomore,2
monica,2
shp,2
ambisonics,2
llrc,2
increasealexa,2
jenlisa,2
blackpinkhouse,2
hoopla,2
alexadevdayspune,2
pikachat,2
peptalksforsidehustlers,2
soundbot,2
securityaffairs,2
wwtbam,2
spend,2
naturallanguagegeneration,2
nlg,2
alexaonesp32,2
canyouhearmenow,2
skillers,2
vanywhere,2
isil,2
amazonstrike,2
abhisheksingh,2
historicalfiction,1
energetic,1
nausea,1
uplifted,1
cramps,1
pressure,1
spasms,1
headaches,1
dry,1
seizures,1
euphoric,1
electronic,1
focused,1
rockyhorror,1
fatigue,1
inflammation,1
kisw,1
dizzy,1
nicebotskill,1
classalexa,1
aleksandra,1
いいお尻の日,1
nycacc,1
pogdogs,1
issafriday,1
amazoncare,1
ibmcode,1
avfc,1
digitalbranding,1
gotigers,1
rangersfc,1
instock,1
sitecorecommerce,1
altadena,1
aidevdays,1
pruretirement,1
accidentlyfamous,1
manie,1
veteranmentalhealth,1
savethemall,1
unseen,1
artiqox,1
npjr,1
hoteltransylvania3,1
newiphone,1
embassygroup,1